trial,maze,time_s,x,y,z,angle,event
1,Hard030,0.003,3.2500,1.0000,3.2500,45.00,
1,Hard030,0.071,3.2500,1.0000,3.2500,47.76,
1,Hard030,0.082,3.2500,1.0000,3.2500,47.76,
1,Hard030,0.104,3.2500,1.0000,3.2500,55.52,
1,Hard030,0.120,3.2500,1.0000,3.2500,55.52,
1,Hard030,0.136,3.2500,1.0000,3.2500,55.52,
1,Hard030,0.153,3.2500,1.0000,3.2500,55.52,
1,Hard030,0.170,3.2500,1.0000,3.2500,55.52,
1,Hard030,0.187,3.2500,1.0000,3.2500,55.52,
1,Hard030,0.203,3.2500,1.0000,3.2500,55.52,
1,Hard030,0.220,3.2500,1.0000,3.2500,55.52,
1,Hard030,0.237,3.2500,1.0000,3.2500,55.52,
1,Hard030,0.253,3.2500,1.0000,3.2500,55.52,
1,Hard030,0.270,3.2500,1.0000,3.2500,55.52,
1,Hard030,0.287,3.2500,1.0000,3.2500,55.52,
1,Hard030,0.303,3.2500,1.0000,3.2500,55.52,
1,Hard030,0.319,3.2500,1.0000,3.2500,55.52,
1,Hard030,0.336,3.2500,1.0000,3.2500,55.52,
1,Hard030,0.353,3.2500,1.0000,3.2500,55.52,
1,Hard030,0.369,3.2500,1.0000,3.2500,55.52,
1,Hard030,0.386,3.2500,1.0000,3.2500,55.52,
1,Hard030,0.402,3.2500,1.0000,3.2500,55.52,
1,Hard030,0.419,3.2500,1.0000,3.2500,55.52,
1,Hard030,0.437,3.2500,1.0000,3.2500,55.52,
1,Hard030,0.457,3.2500,1.0000,3.2500,55.52,
1,Hard030,0.477,3.2500,1.0000,3.2500,55.52,
1,Hard030,0.494,3.2500,1.0000,3.2500,55.52,
1,Hard030,0.506,3.2500,1.0000,3.2500,55.52,
1,Hard030,0.520,3.2500,1.0000,3.2500,55.52,
1,Hard030,0.536,3.2500,1.0000,3.2500,55.52,
1,Hard030,0.554,3.2500,1.0000,3.2500,55.52,
1,Hard030,0.570,3.2500,1.0000,3.2500,55.52,
1,Hard030,0.586,3.2500,1.0000,3.2500,55.52,
1,Hard030,0.607,3.2500,1.0000,3.2500,55.52,
1,Hard030,0.624,3.2500,1.0000,3.2500,55.47,
1,Hard030,0.639,3.2500,1.0000,3.2500,55.26,
1,Hard030,0.656,3.2500,1.0000,3.2500,55.16,
1,Hard030,0.672,3.2500,1.0000,3.2500,55.00,
1,Hard030,0.694,3.2500,1.0000,3.2500,54.84,
1,Hard030,0.707,3.2500,1.0000,3.2500,54.43,
1,Hard030,0.722,3.2500,1.0000,3.2500,54.17,
1,Hard030,0.738,3.2500,1.0000,3.2500,53.70,
1,Hard030,0.756,3.2500,1.0000,3.2500,53.54,
1,Hard030,0.774,3.2500,1.0000,3.2500,53.39,
1,Hard030,0.791,3.2500,1.0000,3.2500,53.12,
1,Hard030,0.806,3.2500,1.0000,3.2500,52.86,
1,Hard030,0.822,3.2500,1.0000,3.2500,52.55,
1,Hard030,0.838,3.2500,1.0000,3.2500,52.34,
1,Hard030,0.859,3.2500,1.0000,3.2500,52.14,
1,Hard030,0.872,3.2500,1.0000,3.2500,51.93,
1,Hard030,0.892,3.2500,1.0000,3.2500,51.88,
1,Hard030,0.907,3.2500,1.0000,3.2500,51.61,
1,Hard030,0.923,3.2500,1.0000,3.2500,51.30,
1,Hard030,0.938,3.2500,1.0000,3.2500,50.63,
1,Hard030,0.956,3.2500,1.0000,3.2500,49.74,
1,Hard030,0.975,3.2500,1.0000,3.2500,49.27,
1,Hard030,0.990,3.2500,1.0000,3.2500,46.77,
1,Hard030,1.005,3.2500,1.0000,3.2500,44.69,
1,Hard030,1.022,3.2500,1.0000,3.2500,44.69,
1,Hard030,1.037,3.2500,1.0000,3.2500,44.69,
1,Hard030,1.053,3.2500,1.0000,3.2500,44.69,
1,Hard030,1.070,3.2500,1.0000,3.2500,44.69,
1,Hard030,1.087,3.2500,1.0000,3.2500,44.69,
1,Hard030,1.103,3.2500,1.0000,3.2500,44.69,
1,Hard030,1.120,3.2500,1.0000,3.2500,44.69,
1,Hard030,1.138,3.2500,1.0000,3.2500,44.69,
1,Hard030,1.155,3.2500,1.0000,3.2500,44.69,
1,Hard030,1.170,3.2500,1.0000,3.2500,44.69,
1,Hard030,1.188,3.2500,1.0000,3.2500,44.69,
1,Hard030,1.205,3.2500,1.0000,3.2500,44.69,
1,Hard030,1.220,3.2500,1.0000,3.2500,44.69,
1,Hard030,1.238,3.2500,1.0000,3.2500,44.69,
1,Hard030,1.253,3.2500,1.0000,3.2500,44.69,
1,Hard030,1.270,3.2500,1.0000,3.2500,44.69,
1,Hard030,1.289,3.2500,1.0000,3.2500,44.69,
1,Hard030,1.305,3.2500,1.0000,3.2500,44.64,
1,Hard030,1.322,3.2500,1.0000,3.2500,44.64,
1,Hard030,1.337,3.2500,1.0000,3.2500,44.64,
1,Hard030,1.353,3.2500,1.0000,3.2500,44.64,
1,Hard030,1.371,3.2500,1.0000,3.2500,44.64,
1,Hard030,1.387,3.2500,1.0000,3.2500,44.64,
1,Hard030,1.403,3.2500,1.0000,3.2500,44.64,
1,Hard030,1.420,3.2500,1.0000,3.2500,44.64,
1,Hard030,1.439,3.2500,1.0000,3.2500,44.64,
1,Hard030,1.455,3.2500,1.0000,3.2500,44.64,
1,Hard030,1.471,3.2500,1.0000,3.2500,44.58,
1,Hard030,1.487,3.2500,1.0000,3.2500,44.58,
1,Hard030,1.504,3.2500,1.0000,3.2500,44.58,
1,Hard030,1.521,3.2500,1.0000,3.2500,44.58,
1,Hard030,1.545,3.2500,1.0000,3.2500,44.58,
1,Hard030,1.558,3.2500,1.0000,3.2500,44.58,
1,Hard030,1.571,3.2500,1.0000,3.2500,44.58,
1,Hard030,1.593,3.2500,1.0000,3.2500,44.53,
1,Hard030,1.605,3.2500,1.0000,3.2500,44.53,
1,Hard030,1.625,3.2500,1.0000,3.2500,44.58,
1,Hard030,1.640,3.2500,1.0000,3.2500,44.69,
1,Hard030,1.656,3.2500,1.0000,3.2500,44.74,
1,Hard030,1.673,3.2500,1.0000,3.2500,44.74,
1,Hard030,1.689,3.2500,1.0000,3.2500,44.74,
1,Hard030,1.707,3.2500,1.0000,3.2500,44.74,
1,Hard030,1.722,3.2500,1.0000,3.2500,44.74,
1,Hard030,1.739,3.2500,1.0000,3.2500,44.74,
1,Hard030,1.755,3.2500,1.0000,3.2500,44.74,
1,Hard030,1.770,3.2500,1.0000,3.2500,44.74,
1,Hard030,1.786,3.2500,1.0000,3.2500,44.74,
1,Hard030,1.803,3.2500,1.0000,3.2500,44.74,
1,Hard030,1.819,3.2500,1.0000,3.2500,44.74,
1,Hard030,1.835,3.2500,1.0000,3.2500,44.74,
1,Hard030,1.855,3.2500,1.0000,3.2500,44.74,
1,Hard030,1.872,3.2500,1.0000,3.2500,44.79,
1,Hard030,1.886,3.2500,1.0000,3.2500,44.79,
1,Hard030,1.904,3.2500,1.0000,3.2500,44.84,
1,Hard030,1.920,3.2500,1.0000,3.2500,44.84,
1,Hard030,1.936,3.2500,1.0000,3.2500,44.84,
1,Hard030,1.953,3.2500,1.0000,3.2500,44.84,
1,Hard030,1.972,3.2500,1.0000,3.2500,44.84,
1,Hard030,1.991,3.2500,1.0000,3.2500,45.68,
1,Hard030,2.006,3.2500,1.0000,3.2500,46.61,
1,Hard030,2.021,3.2500,1.0000,3.2500,46.88,
1,Hard030,2.038,3.2500,1.0000,3.2500,47.08,
1,Hard030,2.054,3.2500,1.0000,3.2500,47.66,
1,Hard030,2.075,3.2500,1.0000,3.2500,47.92,
1,Hard030,2.088,3.2500,1.0000,3.2500,48.07,
1,Hard030,2.106,3.2500,1.0000,3.2500,48.13,
1,Hard030,2.121,3.2500,1.0000,3.2500,48.13,
1,Hard030,2.138,3.2500,1.0000,3.2500,48.18,
1,Hard030,2.159,3.2500,1.0000,3.2500,48.23,
1,Hard030,2.172,3.2978,1.0000,3.2927,48.23,
1,Hard030,2.188,3.3268,1.0000,3.3185,48.28,
1,Hard030,2.203,3.3632,1.0000,3.3510,48.28,
1,Hard030,2.221,3.3970,1.0000,3.3812,48.28,
1,Hard030,2.238,3.4365,1.0000,3.4163,48.33,
1,Hard030,2.253,3.4754,1.0000,3.4509,48.33,
1,Hard030,2.271,3.5088,1.0000,3.4806,48.33,
1,Hard030,2.290,3.5497,1.0000,3.5169,48.39,
1,Hard030,2.307,3.5931,1.0000,3.5551,48.70,
1,Hard030,2.321,3.6304,1.0000,3.5875,49.01,
1,Hard030,2.343,3.6633,1.0000,3.6158,49.32,
1,Hard030,2.354,3.7131,1.0000,3.6578,49.84,
1,Hard030,2.377,3.7373,1.0000,3.6781,50.00,
1,Hard030,2.389,3.8057,1.0000,3.6713,50.68,
1,Hard030,2.404,3.8440,1.0000,3.6674,50.83,
1,Hard030,2.419,3.8891,1.0000,3.6628,50.83,
1,Hard030,2.437,3.9342,1.0000,3.6582,50.83,
1,Hard030,2.453,3.9864,1.0000,3.6528,50.89,
1,Hard030,2.469,4.0350,1.0000,3.6478,50.89,
1,Hard030,2.486,4.0816,1.0000,3.6430,50.89,
1,Hard030,2.503,4.1324,1.0000,3.6378,50.89,
1,Hard030,2.521,4.1825,1.0000,3.6326,50.89,
1,Hard030,2.541,4.2358,1.0000,3.6271,50.89,
1,Hard030,2.555,4.2823,1.0000,3.6650,50.78,
1,Hard030,2.571,4.3160,1.0000,3.6925,50.73,
1,Hard030,2.588,4.3522,1.0000,3.7223,50.57,
1,Hard030,2.605,4.3927,1.0000,3.7557,50.52,
1,Hard030,2.622,4.4317,1.0000,3.7880,50.42,
1,Hard030,2.639,4.4696,1.0000,3.8193,50.36,
1,Hard030,2.656,4.5110,1.0000,3.8536,50.36,
1,Hard030,2.670,4.5497,1.0000,3.8857,50.31,
1,Hard030,2.686,4.5822,1.0000,3.9127,50.31,
1,Hard030,2.704,4.6183,1.0000,3.9427,50.31,
1,Hard030,2.720,4.6591,1.0000,3.9765,50.31,
1,Hard030,2.736,4.6966,1.0000,4.0076,50.31,
1,Hard030,2.753,4.7335,1.0000,4.0383,50.31,
1,Hard030,2.769,4.7727,1.0000,4.0708,50.31,
1,Hard030,2.787,4.8103,1.0000,4.1020,50.31,
1,Hard030,2.804,4.8514,1.0000,4.1361,50.36,
1,Hard030,2.824,4.8905,1.0000,4.1683,50.47,
1,Hard030,2.838,4.9357,1.0000,4.2051,50.83,
1,Hard030,2.854,4.9713,1.0000,4.2333,51.67,
1,Hard030,2.873,5.0094,1.0000,4.2623,52.71,
1,Hard030,2.888,5.0552,1.0000,4.2943,55.10,
1,Hard030,2.904,5.0936,1.0000,4.3184,57.86,
1,Hard030,2.922,5.1357,1.0000,4.3412,61.56,
1,Hard030,2.938,5.1840,1.0000,4.3613,67.34,
1,Hard030,2.954,5.2316,1.0000,4.3778,70.89,
1,Hard030,2.971,5.2769,1.0000,4.3907,74.11,
1,Hard030,2.988,5.3277,1.0000,4.3987,81.09,
1,Hard030,3.006,5.3774,1.0000,4.4050,82.71,
1,Hard030,3.025,5.4293,1.0000,4.4101,84.43,
1,Hard030,3.037,5.4874,1.0000,4.4158,84.43,
1,Hard030,3.058,5.5227,1.0000,4.4192,84.43,
1,Hard030,3.070,5.5853,1.0000,4.4253,84.43,
1,Hard030,3.087,5.6212,1.0000,4.4288,84.43,
1,Hard030,3.103,5.6719,1.0000,4.4338,84.43,
1,Hard030,3.121,5.7202,1.0000,4.4385,84.43,
1,Hard030,3.137,5.7729,1.0000,4.4436,84.43,
1,Hard030,3.153,5.8215,1.0000,4.4484,84.43,
1,Hard030,3.170,5.8704,1.0000,4.4531,84.43,
1,Hard030,3.188,5.9201,1.0000,4.4580,84.43,
1,Hard030,3.203,5.9710,1.0000,4.4630,84.43,
1,Hard030,3.221,6.0195,1.0000,4.4677,84.43,
1,Hard030,3.237,6.0692,1.0000,4.4725,84.43,
1,Hard030,3.253,6.1186,1.0000,4.4774,84.43,
1,Hard030,3.271,6.1688,1.0000,4.4823,84.43,
1,Hard030,3.287,6.2175,1.0000,4.4850,86.72,
1,Hard030,3.304,6.2697,1.0000,4.4779,97.76,
1,Hard030,3.327,6.3173,1.0000,4.4680,101.82,
1,Hard030,3.338,6.3655,1.0000,4.4561,103.80,
1,Hard030,3.355,6.4124,1.0000,4.4420,106.77,
1,Hard030,3.371,6.4665,1.0000,4.4257,106.77,
1,Hard030,3.397,6.5132,1.0000,4.4116,106.82,
1,Hard030,3.407,6.5867,1.0000,4.3893,106.82,
1,Hard030,3.419,6.6168,1.0000,4.3802,106.82,
1,Hard030,3.440,6.6512,1.0000,4.3699,106.82,
1,Hard030,3.452,6.7107,1.0000,4.3518,106.82,
1,Hard030,3.473,6.7462,1.0000,4.3411,106.82,
1,Hard030,3.489,6.8066,1.0000,4.3230,106.72,
1,Hard030,3.503,6.8477,1.0000,4.3107,106.61,
1,Hard030,3.525,6.8908,1.0000,4.2979,106.56,
1,Hard030,3.537,6.9530,1.0000,4.2794,106.56,
1,Hard030,3.552,6.9897,1.0000,4.2685,106.56,
1,Hard030,3.569,7.0346,1.0000,4.2551,106.56,
1,Hard030,3.587,7.0820,1.0000,4.2410,106.56,
1,Hard030,3.608,7.1332,1.0000,4.2258,106.56,
1,Hard030,3.620,7.1934,1.0000,4.2079,106.56,
1,Hard030,3.648,7.2265,1.0000,4.1981,106.56,
1,Hard030,3.655,7.3056,1.0000,4.1740,106.93,
1,Hard030,3.703,7.3296,1.0000,4.1667,106.93,
1,Hard030,3.716,7.4638,1.0000,4.1209,108.85,
1,Hard030,3.740,7.4987,1.0000,4.1089,108.96,
1,Hard030,3.758,7.5663,1.0000,4.0856,109.01,
1,Hard030,3.774,7.6208,1.0000,4.0668,109.01,
1,Hard030,3.787,7.6637,1.0000,4.0520,109.06,
1,Hard030,3.809,7.7012,1.0000,4.0390,109.11,
1,Hard030,3.820,7.7633,1.0000,4.0172,109.32,
1,Hard030,3.837,7.7953,1.0000,4.0060,109.38,
1,Hard030,3.855,7.8415,1.0000,3.9896,109.43,
1,Hard030,3.869,7.8944,1.0000,3.9709,109.48,
1,Hard030,3.888,7.9351,1.0000,3.9560,110.10,
1,Hard030,3.905,7.9878,1.0000,3.9353,111.51,
1,Hard030,3.920,8.0363,1.0000,3.9162,111.51,
1,Hard030,3.937,8.0739,1.0000,3.8994,113.96,
1,Hard030,3.955,8.1221,1.0000,3.8780,113.96,
1,Hard030,3.971,8.1743,1.0000,3.8548,113.96,
1,Hard030,3.989,8.2169,1.0000,3.8359,113.96,
1,Hard030,4.007,8.2656,1.0000,3.8143,113.96,
1,Hard030,4.021,8.2656,1.0000,3.8143,113.96,
1,Hard030,4.039,8.2656,1.0000,3.8143,113.96,
1,Hard030,4.054,8.2656,1.0000,3.8143,113.96,
1,Hard030,4.072,8.2656,1.0000,3.8143,113.96,
1,Hard030,4.087,8.2870,1.0000,3.8623,113.96,
1,Hard030,4.110,8.2870,1.0000,3.8623,113.96,
1,Hard030,4.119,8.3153,1.0000,3.9261,113.96,
1,Hard030,4.135,8.3153,1.0000,3.9261,113.96,
1,Hard030,4.151,8.3611,1.0000,3.9058,113.96,
1,Hard030,4.170,8.4057,1.0000,3.8860,113.96,
1,Hard030,4.186,8.4552,1.0000,3.8589,118.65,
1,Hard030,4.203,8.4937,1.0000,3.8325,124.48,
1,Hard030,4.220,8.5320,1.0000,3.7959,133.70,
1,Hard030,4.236,8.5646,1.0000,3.7567,140.26,
1,Hard030,4.254,8.5902,1.0000,3.7185,146.20,
1,Hard030,4.269,8.6158,1.0000,3.6707,151.77,
1,Hard030,4.287,8.6365,1.0000,3.6291,153.54,
1,Hard030,4.303,8.6602,1.0000,3.5801,154.22,
1,Hard030,4.320,8.6807,1.0000,3.5374,154.32,
1,Hard030,4.334,8.7029,1.0000,3.4913,154.32,
1,Hard030,4.351,8.7210,1.0000,3.4536,154.32,
1,Hard030,4.370,8.7429,1.0000,3.4081,154.32,
1,Hard030,4.385,8.7429,1.0000,3.4081,154.32,
1,Hard030,4.401,8.7844,1.0000,3.4281,154.32,
1,Hard030,4.418,8.8291,1.0000,3.4496,154.32,
1,Hard030,4.434,8.8744,1.0000,3.4714,154.32,
1,Hard030,4.451,8.9189,1.0000,3.4928,154.32,
1,Hard030,4.467,8.9645,1.0000,3.5147,154.32,
1,Hard030,4.484,9.0081,1.0000,3.5357,154.32,
1,Hard030,4.502,9.0540,1.0000,3.5577,154.32,
1,Hard030,4.518,9.1005,1.0000,3.5801,154.32,
1,Hard030,4.537,9.1440,1.0000,3.6010,154.32,
1,Hard030,4.551,9.1959,1.0000,3.6260,154.32,
1,Hard030,4.571,9.2346,1.0000,3.6445,154.32,
1,Hard030,4.584,9.2864,1.0000,3.6694,154.32,
1,Hard030,4.602,9.3246,1.0000,3.6878,154.32,
1,Hard030,4.619,9.3731,1.0000,3.7111,154.32,
1,Hard030,4.643,9.4150,1.0000,3.7310,154.64,
1,Hard030,4.652,9.4825,1.0000,3.7626,154.95,
1,Hard030,4.674,9.5078,1.0000,3.7742,155.26,
1,Hard030,4.688,9.5650,1.0000,3.8005,155.31,
1,Hard030,4.705,9.5809,1.0000,3.8433,155.31,
1,Hard030,4.723,9.5978,1.0000,3.8897,155.05,
1,Hard030,4.738,9.6155,1.0000,3.9426,153.54,
1,Hard030,4.753,9.6273,1.0000,3.9863,150.10,
1,Hard030,4.772,9.6349,1.0000,4.0302,144.74,
1,Hard030,4.788,9.6338,1.0000,4.0859,133.85,
1,Hard030,4.805,9.6260,1.0000,4.1332,125.68,
1,Hard030,4.821,9.6099,1.0000,4.1804,116.20,
1,Hard030,4.837,9.5871,1.0000,4.2234,107.08,
1,Hard030,4.852,9.5612,1.0000,4.2646,102.81,
1,Hard030,4.870,9.5366,1.0000,4.3037,102.81,
1,Hard030,4.886,9.5074,1.0000,4.3466,100.78,
1,Hard030,4.902,9.4803,1.0000,4.3865,100.78,
1,Hard030,4.918,9.4530,1.0000,4.4267,100.78,
1,Hard030,4.935,9.4250,1.0000,4.4677,100.78,
1,Hard030,4.952,9.3976,1.0000,4.5081,100.78,
1,Hard030,4.968,9.3692,1.0000,4.5499,100.78,
1,Hard030,4.985,9.3415,1.0000,4.5905,100.78,
1,Hard030,5.002,9.3131,1.0000,4.6324,100.78,
1,Hard030,5.018,9.2847,1.0000,4.6741,100.78,
1,Hard030,5.035,9.2566,1.0000,4.7154,100.78,
1,Hard030,5.052,9.2283,1.0000,4.7571,100.78,
1,Hard030,5.068,9.2001,1.0000,4.7986,100.78,
1,Hard030,5.085,9.1725,1.0000,4.8391,100.78,
1,Hard030,5.102,9.1443,1.0000,4.8805,100.78,
1,Hard030,5.118,9.1160,1.0000,4.9221,100.78,
1,Hard030,5.135,9.0884,1.0000,4.9627,100.78,
1,Hard030,5.152,9.0597,1.0000,5.0050,100.78,
1,Hard030,5.171,9.0317,1.0000,5.0461,100.78,
1,Hard030,5.186,9.0001,1.0000,5.0926,100.78,
1,Hard030,5.202,8.9746,1.0000,5.1301,100.78,
1,Hard030,5.223,8.9475,1.0000,5.1699,100.78,
1,Hard030,5.235,8.9145,1.0000,5.2184,100.78,
1,Hard030,5.253,8.8908,1.0000,5.2533,100.78,
1,Hard030,5.270,8.8621,1.0000,5.2954,100.78,
1,Hard030,5.286,8.8322,1.0000,5.3395,100.78,
1,Hard030,5.304,8.8065,1.0000,5.3772,100.78,
1,Hard030,5.319,8.7774,1.0000,5.4201,100.78,
1,Hard030,5.336,8.7499,1.0000,5.4605,100.78,
1,Hard030,5.357,8.7217,1.0000,5.5019,100.78,
1,Hard030,5.369,8.6854,1.0000,5.5553,100.78,
1,Hard030,5.386,8.6654,1.0000,5.5848,100.78,
1,Hard030,5.402,8.6371,1.0000,5.6264,100.78,
1,Hard030,5.422,8.6088,1.0000,5.6680,100.78,
1,Hard030,5.436,8.5768,1.0000,5.7151,100.78,
1,Hard030,5.453,8.5520,1.0000,5.7515,100.78,
1,Hard030,5.469,8.5235,1.0000,5.7934,100.78,
1,Hard030,5.486,8.4963,1.0000,5.8334,100.78,
1,Hard030,5.502,8.4683,1.0000,5.8746,100.78,
1,Hard030,5.519,8.4409,1.0000,5.9149,100.78,
1,Hard030,5.536,8.4124,1.0000,5.9567,100.78,
1,Hard030,5.553,8.3837,1.0000,5.9989,100.78,
1,Hard030,5.569,8.3550,1.0000,6.0411,100.78,
1,Hard030,5.585,8.3281,1.0000,6.0807,100.78,
1,Hard030,5.602,8.3004,1.0000,6.1215,100.78,
1,Hard030,5.618,8.2715,1.0000,6.1640,100.78,
1,Hard030,5.637,8.2442,1.0000,6.2041,100.78,
1,Hard030,5.652,8.2137,1.0000,6.2489,100.78,
1,Hard030,5.670,8.1881,1.0000,6.2866,100.78,
1,Hard030,5.686,8.1586,1.0000,6.3299,100.78,
1,Hard030,5.703,8.1318,1.0000,6.3693,100.78,
1,Hard030,5.718,8.1031,1.0000,6.4116,100.78,
1,Hard030,5.736,8.0756,1.0000,6.4520,100.78,
1,Hard030,5.753,8.0466,1.0000,6.4947,100.78,
1,Hard030,5.768,8.0176,1.0000,6.5373,100.78,
1,Hard030,5.785,7.9918,1.0000,6.5753,100.78,
1,Hard030,5.801,7.9629,1.0000,6.6177,100.78,
1,Hard030,5.819,7.9355,1.0000,6.6579,100.78,
1,Hard030,5.836,7.9055,1.0000,6.7021,100.78,
1,Hard030,5.852,7.8782,1.0000,6.7423,100.78,
1,Hard030,5.869,7.8507,1.0000,6.7827,100.78,
1,Hard030,5.885,7.8216,1.0000,6.8255,100.78,
1,Hard030,5.902,7.7943,1.0000,6.8657,100.78,
1,Hard030,5.919,7.7664,1.0000,6.9066,100.78,
1,Hard030,5.935,7.7369,1.0000,6.9501,100.78,
1,Hard030,5.953,7.7457,1.0000,6.9965,100.78,
1,Hard030,5.969,7.7556,1.0000,7.0483,100.78,
1,Hard030,5.986,7.7647,1.0000,7.0964,100.78,
1,Hard030,6.002,7.7742,1.0000,7.1459,100.78,
1,Hard030,6.019,7.7836,1.0000,7.1954,100.78,
1,Hard030,6.035,7.7927,1.0000,7.2431,100.78,
1,Hard030,6.054,7.8019,1.0000,7.2916,100.78,
1,Hard030,6.068,7.8019,1.0000,7.2916,100.78,
1,Hard030,6.085,7.8019,1.0000,7.2916,100.78,
1,Hard030,6.101,7.8019,1.0000,7.2916,100.78,
1,Hard030,6.118,7.8019,1.0000,7.2916,100.78,
1,Hard030,6.135,7.8019,1.0000,7.2916,100.78,
1,Hard030,6.152,7.8019,1.0000,7.2916,100.78,
1,Hard030,6.168,7.8019,1.0000,7.2916,100.78,
1,Hard030,6.185,7.8019,1.0000,7.2916,100.78,
1,Hard030,6.201,7.8019,1.0000,7.2916,100.78,
1,Hard030,6.218,7.8019,1.0000,7.2916,100.78,
1,Hard030,6.235,7.8019,1.0000,7.2916,100.78,
1,Hard030,6.251,7.8019,1.0000,7.2916,100.78,
1,Hard030,6.268,7.8019,1.0000,7.2916,100.78,
1,Hard030,6.284,7.8019,1.0000,7.2916,100.78,
1,Hard030,6.301,7.8019,1.0000,7.2916,100.78,
1,Hard030,6.318,7.8019,1.0000,7.2916,100.78,
1,Hard030,6.335,7.8019,1.0000,7.2916,100.78,
1,Hard030,6.351,7.8019,1.0000,7.2916,100.78,
1,Hard030,6.368,7.8019,1.0000,7.2916,100.78,
1,Hard030,6.384,7.8019,1.0000,7.2916,100.78,
1,Hard030,6.401,7.8019,1.0000,7.2916,100.78,
1,Hard030,6.419,7.8019,1.0000,7.2916,100.78,
1,Hard030,6.435,7.8019,1.0000,7.2916,100.78,
1,Hard030,6.451,7.8019,1.0000,7.2916,100.78,
1,Hard030,6.468,7.8019,1.0000,7.2916,100.78,
1,Hard030,6.484,7.8019,1.0000,7.2916,100.78,
1,Hard030,6.501,7.8019,1.0000,7.2916,100.78,
1,Hard030,6.517,7.8019,1.0000,7.2916,100.78,
1,Hard030,6.535,7.8019,1.0000,7.2916,100.78,
1,Hard030,6.553,7.8019,1.0000,7.2916,100.78,
1,Hard030,6.569,7.8019,1.0000,7.2916,100.10,
1,Hard030,6.585,7.8019,1.0000,7.2916,99.38,
1,Hard030,6.601,7.8019,1.0000,7.2916,99.38,
1,Hard030,6.617,7.8019,1.0000,7.2916,99.38,
1,Hard030,6.634,7.8019,1.0000,7.2916,99.38,
1,Hard030,6.651,7.8019,1.0000,7.2916,99.38,
1,Hard030,6.668,7.8019,1.0000,7.2916,99.38,
1,Hard030,6.684,7.8019,1.0000,7.2916,99.38,
1,Hard030,6.702,7.8019,1.0000,7.2916,99.38,
1,Hard030,6.718,7.8019,1.0000,7.2916,99.38,
1,Hard030,6.734,7.8019,1.0000,7.2916,99.38,
1,Hard030,6.751,7.8019,1.0000,7.2916,99.38,
1,Hard030,6.767,7.8019,1.0000,7.2916,99.38,
1,Hard030,6.784,7.8019,1.0000,7.2916,99.38,
1,Hard030,6.801,7.8019,1.0000,7.2916,99.38,
1,Hard030,6.819,7.8019,1.0000,7.2916,99.38,
1,Hard030,6.834,7.8019,1.0000,7.2916,96.88,
1,Hard030,6.860,7.8019,1.0000,7.2916,96.88,
1,Hard030,6.870,7.8019,1.0000,7.2916,77.97,
1,Hard030,6.888,7.8019,1.0000,7.2916,55.26,
1,Hard030,6.903,7.8019,1.0000,7.2916,28.59,
1,Hard030,6.920,7.8019,1.0000,7.2916,24.74,
1,Hard030,6.939,7.8019,1.0000,7.2916,22.71,
1,Hard030,6.954,7.8019,1.0000,7.2916,20.36,
1,Hard030,6.968,7.8019,1.0000,7.2916,19.38,
1,Hard030,6.984,7.8019,1.0000,7.2916,19.38,
1,Hard030,7.001,7.8019,1.0000,7.2916,19.38,
1,Hard030,7.017,7.8019,1.0000,7.2916,19.38,
1,Hard030,7.034,7.8019,1.0000,7.2916,19.38,
1,Hard030,7.051,7.8019,1.0000,7.2916,19.38,
1,Hard030,7.067,7.8019,1.0000,7.2916,19.38,
1,Hard030,7.085,7.8019,1.0000,7.2916,19.38,
1,Hard030,7.101,7.8019,1.0000,7.2916,19.38,
1,Hard030,7.118,7.8019,1.0000,7.2916,19.38,
1,Hard030,7.135,7.8019,1.0000,7.2916,19.38,
1,Hard030,7.151,7.8019,1.0000,7.2916,19.38,
1,Hard030,7.168,7.8019,1.0000,7.2916,19.38,
1,Hard030,7.184,7.8019,1.0000,7.2916,19.38,
1,Hard030,7.201,7.8019,1.0000,7.2916,19.38,
1,Hard030,7.219,7.8019,1.0000,7.2916,19.38,
1,Hard030,7.236,7.8019,1.0000,7.2916,10.62,
1,Hard030,7.252,7.8019,1.0000,7.2916,3.28,
1,Hard030,7.275,7.8019,1.0000,7.2916,-3.07,
1,Hard030,7.286,7.8019,1.0000,7.2916,-16.20,
1,Hard030,7.303,7.8019,1.0000,7.2916,-17.03,
1,Hard030,7.319,7.8019,1.0000,7.2916,-18.28,
1,Hard030,7.336,7.8019,1.0000,7.2916,-18.49,
1,Hard030,7.351,7.8019,1.0000,7.2916,-18.49,
1,Hard030,7.368,7.8019,1.0000,7.2916,-18.49,
1,Hard030,7.384,7.8019,1.0000,7.2916,-18.49,
1,Hard030,7.401,7.8019,1.0000,7.2916,-18.49,
1,Hard030,7.417,7.8019,1.0000,7.2916,-18.49,
1,Hard030,7.434,7.8019,1.0000,7.2916,-18.49,
1,Hard030,7.451,7.8019,1.0000,7.2916,-18.49,
1,Hard030,7.467,7.8019,1.0000,7.2916,-18.49,
1,Hard030,7.484,7.8019,1.0000,7.2916,-18.49,
1,Hard030,7.500,7.8019,1.0000,7.2916,-18.49,
1,Hard030,7.517,7.8019,1.0000,7.2916,-18.49,
1,Hard030,7.534,7.8019,1.0000,7.2916,-18.49,
1,Hard030,7.551,7.8019,1.0000,7.2916,-18.49,
1,Hard030,7.567,7.8019,1.0000,7.2916,-18.49,
1,Hard030,7.585,7.8019,1.0000,7.2916,-18.49,
1,Hard030,7.606,7.8019,1.0000,7.2916,-19.64,
1,Hard030,7.619,7.8019,1.0000,7.2916,-25.63,
1,Hard030,7.636,7.8019,1.0000,7.2916,-28.33,
1,Hard030,7.654,7.8019,1.0000,7.2916,-30.52,
1,Hard030,7.671,7.8019,1.0000,7.2916,-32.81,
1,Hard030,7.704,7.8019,1.0000,7.2916,-33.49,
1,Hard030,7.712,7.7198,1.0000,7.2350,-34.58,
1,Hard030,7.736,7.6997,1.0000,7.2211,-34.64,
1,Hard030,7.752,7.6401,1.0000,7.1800,-34.64,
1,Hard030,7.771,7.6009,1.0000,7.1529,-34.64,
1,Hard030,7.785,7.5540,1.0000,7.1205,-34.64,
1,Hard030,7.801,7.5211,1.0000,7.0977,-34.64,
1,Hard030,7.817,7.4810,1.0000,7.0700,-34.64,
1,Hard030,7.836,7.4400,1.0000,7.0417,-34.64,
1,Hard030,7.851,7.3931,1.0000,7.0093,-34.64,
1,Hard030,7.867,7.3564,1.0000,6.9840,-34.64,
1,Hard030,7.884,7.3168,1.0000,6.9566,-34.64,
1,Hard030,7.902,7.2757,1.0000,6.9282,-34.64,
1,Hard030,7.920,7.2324,1.0000,6.8984,-34.58,
1,Hard030,7.934,7.1772,1.0000,6.9085,-34.58,
1,Hard030,7.952,7.1364,1.0000,6.9160,-34.58,
1,Hard030,7.970,7.0819,1.0000,6.9261,-34.53,
1,Hard030,7.985,7.0316,1.0000,6.9355,-34.48,
1,Hard030,8.002,6.9873,1.0000,6.9437,-34.48,
1,Hard030,8.019,6.9358,1.0000,6.9536,-34.06,
1,Hard030,8.037,6.8857,1.0000,6.9642,-33.07,
1,Hard030,8.054,6.8331,1.0000,6.9775,-30.89,
1,Hard030,8.068,6.7842,1.0000,6.9916,-28.85,
1,Hard030,8.087,6.7439,1.0000,7.0048,-26.93,
1,Hard030,8.103,6.6908,1.0000,7.0251,-24.06,
1,Hard030,8.120,6.6472,1.0000,7.0430,-22.66,
1,Hard030,8.139,6.6020,1.0000,7.0627,-21.41,
1,Hard030,8.153,6.5491,1.0000,7.0878,-19.64,
1,Hard030,8.170,6.5126,1.0000,7.1058,-18.85,
1,Hard030,8.188,6.4669,1.0000,7.1286,-18.44,
1,Hard030,8.207,6.4192,1.0000,7.1545,-16.51,
1,Hard030,8.221,6.3682,1.0000,7.1828,-15.94,
1,Hard030,8.247,6.3330,1.0000,7.2026,-15.68,
1,Hard030,8.270,6.2630,1.0000,7.2420,-15.63,
1,Hard030,8.286,6.2050,1.0000,7.2747,-15.57,
1,Hard030,8.303,6.1631,1.0000,7.2989,-15.05,
1,Hard030,8.319,6.1191,1.0000,7.3248,-14.48,
1,Hard030,8.338,6.0773,1.0000,7.3507,-13.18,
1,Hard030,8.353,6.0311,1.0000,7.3813,-11.51,
1,Hard030,8.369,5.9950,1.0000,7.4081,-8.39,
1,Hard030,8.388,5.9558,1.0000,7.4377,-7.97,
1,Hard030,8.403,5.9144,1.0000,7.4693,-7.66,
1,Hard030,8.420,5.8765,1.0000,7.4986,-7.29,
1,Hard030,8.437,5.8361,1.0000,7.5304,-6.77,
1,Hard030,8.454,5.7957,1.0000,7.5626,-6.46,
1,Hard030,8.468,5.7575,1.0000,7.5943,-5.31,
1,Hard030,8.489,5.7237,1.0000,7.6227,-4.95,
1,Hard030,8.508,5.6785,1.0000,7.6614,-4.38,
1,Hard030,8.518,5.6744,1.0000,7.7221,-3.96,
1,Hard030,8.538,5.6723,1.0000,7.7510,-3.96,
1,Hard030,8.554,5.6687,1.0000,7.8053,-3.85,
1,Hard030,8.570,5.6651,1.0000,7.8590,-3.85,
1,Hard030,8.585,5.6617,1.0000,7.9094,-3.80,
1,Hard030,8.601,5.6589,1.0000,7.9519,-3.80,
1,Hard030,8.618,5.6557,1.0000,7.9999,-3.80,
1,Hard030,8.635,5.6523,1.0000,8.0507,-3.80,
1,Hard030,8.651,5.6489,1.0000,8.1027,-3.80,
1,Hard030,8.669,5.6456,1.0000,8.1520,-3.85,
1,Hard030,8.685,5.6420,1.0000,8.2030,-3.96,
1,Hard030,8.704,5.6386,1.0000,8.2522,-4.01,
1,Hard030,8.719,5.6344,1.0000,8.3095,-4.17,
1,Hard030,8.735,5.6311,1.0000,8.3537,-4.22,
1,Hard030,8.753,5.6275,1.0000,8.4024,-4.27,
1,Hard030,8.769,5.6236,1.0000,8.4540,-4.32,
1,Hard030,8.786,5.6196,1.0000,8.5025,-4.74,
1,Hard030,8.803,5.6151,1.0000,8.5516,-5.21,
1,Hard030,8.819,5.6098,1.0000,8.6036,-5.83,
1,Hard030,8.847,5.6046,1.0000,8.6512,-6.25,
1,Hard030,8.856,5.5949,1.0000,8.7360,-6.51,
1,Hard030,8.869,5.5918,1.0000,8.7610,-7.03,
1,Hard030,8.886,5.5868,1.0000,8.8007,-7.19,
1,Hard030,8.902,5.5801,1.0000,8.8512,-7.55,
1,Hard030,8.919,5.5736,1.0000,8.8989,-7.76,
1,Hard030,8.936,5.5666,1.0000,8.9503,-7.81,
1,Hard030,8.952,5.5597,1.0000,8.9997,-7.92,
1,Hard030,8.971,5.5528,1.0000,9.0490,-7.97,
1,Hard030,8.986,5.5452,1.0000,9.1029,-7.97,
1,Hard030,9.007,5.5395,1.0000,9.1482,-7.29,
1,Hard030,9.020,5.5356,1.0000,9.2112,-3.49,
1,Hard030,9.035,5.5372,1.0000,9.2497,2.29,
1,Hard030,9.056,5.5437,1.0000,9.2959,8.12,
1,Hard030,9.072,5.5610,1.0000,9.3526,16.93,
1,Hard030,9.085,5.5783,1.0000,9.3972,21.25,
1,Hard030,9.106,5.5950,1.0000,9.4342,24.22,
1,Hard030,9.120,5.6227,1.0000,9.4903,26.30,
1,Hard030,9.138,5.6409,1.0000,9.5262,26.82,
1,Hard030,9.157,5.6667,1.0000,9.5774,26.82,
1,Hard030,9.169,5.6926,1.0000,9.6284,26.82,
1,Hard030,9.187,5.7079,1.0000,9.6589,26.82,
1,Hard030,9.203,5.7327,1.0000,9.7077,26.82,
1,Hard030,9.218,5.7539,1.0000,9.7498,26.82,
1,Hard030,9.235,5.7750,1.0000,9.7914,26.82,
1,Hard030,9.251,5.7974,1.0000,9.8359,26.82,
1,Hard030,9.268,5.8204,1.0000,9.8813,26.82,
1,Hard030,9.285,5.8429,1.0000,9.9258,26.82,
1,Hard030,9.302,5.8653,1.0000,9.9701,26.82,
1,Hard030,9.319,5.8883,1.0000,10.0155,26.82,
1,Hard030,9.334,5.9111,1.0000,10.0606,26.82,
1,Hard030,9.352,5.9329,1.0000,10.1038,26.82,
1,Hard030,9.369,5.9554,1.0000,10.1483,26.82,
1,Hard030,9.386,5.9838,1.0000,10.1926,32.60,
1,Hard030,9.407,6.0170,1.0000,10.2294,42.08,
1,Hard030,9.423,6.0620,1.0000,10.2709,47.34,
1,Hard030,9.435,6.1095,1.0000,10.2851,73.28,
1,Hard030,9.455,6.1462,1.0000,10.2961,73.28,
1,Hard030,9.475,6.2052,1.0000,10.2980,88.23,
1,Hard030,9.486,6.2620,1.0000,10.2809,106.77,
1,Hard030,9.504,6.2940,1.0000,10.2711,106.93,
1,Hard030,9.520,6.3441,1.0000,10.2559,106.93,
1,Hard030,9.535,6.3889,1.0000,10.2423,106.93,
1,Hard030,9.554,6.4354,1.0000,10.2281,106.93,
1,Hard030,9.571,6.4903,1.0000,10.2114,106.93,
1,Hard030,9.587,6.5385,1.0000,10.1967,106.93,
1,Hard030,9.604,6.5842,1.0000,10.1828,106.93,
1,Hard030,9.619,6.6321,1.0000,10.1682,106.93,
1,Hard030,9.637,6.6765,1.0000,10.1547,106.93,
1,Hard030,9.653,6.7260,1.0000,10.1397,106.93,
1,Hard030,9.669,6.7741,1.0000,10.1250,106.93,
1,Hard030,9.689,6.8179,1.0000,10.1117,106.93,
1,Hard030,9.704,6.8756,1.0000,10.0941,106.93,
1,Hard030,9.721,6.9198,1.0000,10.0807,106.93,
1,Hard030,9.736,6.9693,1.0000,10.0656,106.93,
1,Hard030,9.752,7.0121,1.0000,10.0526,106.93,
1,Hard030,9.768,7.0575,1.0000,10.0388,106.93,
1,Hard030,9.786,7.1045,1.0000,10.0245,106.93,
1,Hard030,9.802,7.1534,1.0000,10.0096,106.93,
1,Hard030,9.819,7.2005,1.0000,9.9952,106.93,
1,Hard030,9.836,7.2483,1.0000,9.9807,106.93,
1,Hard030,9.852,7.2988,1.0000,9.9653,106.93,
1,Hard030,9.870,7.3450,1.0000,9.9513,106.93,
1,Hard030,9.885,7.3929,1.0000,9.9367,106.93,
1,Hard030,9.902,7.4395,1.0000,9.9225,106.93,
1,Hard030,9.919,7.4884,1.0000,9.9089,105.52,
1,Hard030,9.936,7.5377,1.0000,9.8962,104.48,
1,Hard030,9.953,7.5864,1.0000,9.8845,103.49,
1,Hard030,9.970,7.6374,1.0000,9.8746,101.04,
1,Hard030,9.987,7.6848,1.0000,9.8666,99.58,
1,Hard030,10.003,7.7383,1.0000,9.8598,97.24,
1,Hard030,10.020,7.7842,1.0000,9.8553,95.52,
1,Hard030,10.037,7.8331,1.0000,9.8519,94.06,
1,Hard030,10.052,7.8848,1.0000,9.8497,92.40,
1,Hard030,10.069,7.9331,1.0000,9.8484,91.56,
1,Hard030,10.092,7.9828,1.0000,9.8476,90.94,
1,Hard030,10.106,8.0539,1.0000,9.8476,89.95,
1,Hard030,10.121,8.0901,1.0000,9.8477,89.95,
1,Hard030,10.140,8.1406,1.0000,9.8477,89.95,
1,Hard030,10.154,8.1979,1.0000,9.8478,89.90,
1,Hard030,10.168,8.2384,1.0000,9.8479,89.90,
1,Hard030,10.185,8.2828,1.0000,9.8480,89.90,
1,Hard030,10.204,8.3330,1.0000,9.8481,89.90,
1,Hard030,10.219,8.3898,1.0000,9.8482,89.90,
1,Hard030,10.239,8.4328,1.0000,9.8482,89.90,
1,Hard030,10.255,8.4924,1.0000,9.8484,89.84,
1,Hard030,10.271,8.5406,1.0000,9.8487,89.69,
1,Hard030,10.289,8.5883,1.0000,9.8491,89.53,
1,Hard030,10.306,8.6434,1.0000,9.8511,87.92,
1,Hard030,10.321,8.6909,1.0000,9.8537,86.77,
1,Hard030,10.339,8.7370,1.0000,9.8572,85.68,
1,Hard030,10.354,8.7939,1.0000,9.8630,84.22,
1,Hard030,10.371,8.8385,1.0000,9.8683,83.23,
1,Hard030,10.387,8.8844,1.0000,9.8743,82.50,
1,Hard030,10.407,8.9357,1.0000,9.8827,80.73,
1,Hard030,10.419,8.9956,1.0000,9.8931,80.16,
1,Hard030,10.435,9.0301,1.0000,9.8991,80.10,
1,Hard030,10.456,9.0787,1.0000,9.9076,80.05,
1,Hard030,10.470,9.1387,1.0000,9.9182,80.05,
1,Hard030,10.487,9.1807,1.0000,9.9256,80.00,
1,Hard030,10.504,9.2315,1.0000,9.9345,80.00,
1,Hard030,10.518,9.2808,1.0000,9.9432,80.00,
1,Hard030,10.535,9.3248,1.0000,9.9510,80.00,
1,Hard030,10.555,9.3737,1.0000,9.9596,80.00,
1,Hard030,10.568,9.4323,1.0000,9.9699,80.00,
1,Hard030,10.588,9.4736,1.0000,9.9772,80.00,
1,Hard030,10.603,9.5287,1.0000,9.9869,80.00,
1,Hard030,10.620,9.5734,1.0000,9.9948,80.00,
1,Hard030,10.634,9.6232,1.0000,10.0036,80.00,
1,Hard030,10.653,9.6682,1.0000,10.0115,80.00,
1,Hard030,10.671,9.7209,1.0000,10.0209,79.95,
1,Hard030,10.686,9.7745,1.0000,10.0304,79.95,
1,Hard030,10.702,9.8189,1.0000,10.0383,79.90,
1,Hard030,10.722,9.8675,1.0000,10.0469,79.90,
1,Hard030,10.736,9.9265,1.0000,10.0575,79.90,
1,Hard030,10.751,9.9682,1.0000,10.0649,79.90,
1,Hard030,10.770,10.0131,1.0000,10.0729,79.90,
1,Hard030,10.788,10.0696,1.0000,10.0829,79.90,
1,Hard030,10.804,10.1213,1.0000,10.0921,79.95,
1,Hard030,10.818,10.1678,1.0000,10.1003,80.00,
1,Hard030,10.841,10.2108,1.0000,10.1079,80.00,
1,Hard030,10.852,10.2781,1.0000,10.1197,80.05,
1,Hard030,10.869,10.3102,1.0000,10.1253,80.05,
1,Hard030,10.891,10.3591,1.0000,10.1339,80.10,
1,Hard030,10.903,10.4242,1.0000,10.1452,80.10,
1,Hard030,10.919,10.4615,1.0000,10.1517,80.10,
1,Hard030,10.939,10.5068,1.0000,10.1596,80.16,
1,Hard030,10.952,10.5657,1.0000,10.1698,80.16,
1,Hard030,10.971,10.6052,1.0000,10.1766,80.21,
1,Hard030,10.989,10.6594,1.0000,10.1860,80.21,
1,Hard030,11.003,10.7122,1.0000,10.1950,80.26,
1,Hard030,11.021,10.7560,1.0000,10.2025,80.26,
1,Hard030,11.041,10.8033,1.0000,10.2106,80.31,
1,Hard030,11.052,10.8669,1.0000,10.2215,80.31,
1,Hard030,11.071,10.9001,1.0000,10.2271,80.31,
1,Hard030,11.094,10.9489,1.0000,10.2354,80.36,
1,Hard030,11.107,11.0267,1.0000,10.2481,80.73,
1,Hard030,11.123,11.0646,1.0000,10.2540,81.20,
1,Hard030,11.137,11.1115,1.0000,10.2607,81.93,
1,Hard030,11.154,11.1532,1.0000,10.2664,82.19,
1,Hard030,11.170,11.2032,1.0000,10.2729,82.55,
1,Hard030,11.186,11.2479,1.0000,10.2785,82.92,
1,Hard030,11.203,11.2993,1.0000,10.2844,83.44,
1,Hard030,11.220,11.3483,1.0000,10.2896,83.96,
1,Hard030,11.237,11.3997,1.0000,10.2950,83.96,
1,Hard030,11.252,11.4516,1.0000,10.3005,83.96,
1,Hard030,11.270,11.4948,1.0000,10.3051,83.96,
1,Hard030,11.286,11.5511,1.0000,10.3110,83.96,
1,Hard030,11.303,11.5975,1.0000,10.3159,83.96,
1,Hard030,11.325,11.6459,1.0000,10.3211,83.96,
1,Hard030,11.335,11.7133,1.0000,10.3282,83.96,
1,Hard030,11.353,11.7324,1.0000,10.3518,83.96,
1,Hard030,11.369,11.7648,1.0000,10.3918,83.96,collect_1
1,Hard030,11.370,11.7648,1.0000,10.3918,83.96,
1,Hard030,11.385,11.7956,1.0000,10.4300,83.96,
1,Hard030,11.406,11.8271,1.0000,10.4689,83.96,
1,Hard030,11.418,11.8648,1.0000,10.5155,83.96,
1,Hard030,11.438,11.8892,1.0000,10.5457,83.96,
1,Hard030,11.453,11.9259,1.0000,10.5911,83.96,
1,Hard030,11.470,11.9551,1.0000,10.6272,83.96,
1,Hard030,11.484,11.9863,1.0000,10.6658,83.96,
1,Hard030,11.503,12.0149,1.0000,10.7012,83.96,
1,Hard030,11.520,12.0493,1.0000,10.7438,83.96,
1,Hard030,11.536,12.0789,1.0000,10.7803,83.96,
1,Hard030,11.553,12.1128,1.0000,10.8223,83.96,
1,Hard030,11.569,12.1439,1.0000,10.8607,83.96,
1,Hard030,11.587,12.1742,1.0000,10.8982,83.96,
1,Hard030,11.605,12.2068,1.0000,10.9382,84.11,
1,Hard030,11.624,12.2422,1.0000,10.9815,84.32,
1,Hard030,11.639,12.2668,1.0000,11.0109,84.95,
1,Hard030,11.653,12.3071,1.0000,11.0562,86.61,
1,Hard030,11.672,12.3365,1.0000,11.0886,87.29,
1,Hard030,11.685,12.3758,1.0000,11.1290,89.17,
1,Hard030,11.705,12.4047,1.0000,11.1578,90.16,
1,Hard030,11.719,12.4469,1.0000,11.1982,91.15,
1,Hard030,11.742,12.4791,1.0000,11.2287,91.61,
1,Hard030,11.754,12.5284,1.0000,11.2749,91.88,
1,Hard030,11.769,12.5563,1.0000,11.3010,91.88,
1,Hard030,11.783,12.5886,1.0000,11.3310,92.08,
1,Hard030,11.812,12.6215,1.0000,11.3617,92.08,
1,Hard030,11.821,12.6824,1.0000,11.4174,92.55,
1,Hard030,11.835,12.7018,1.0000,11.4347,93.18,
1,Hard030,11.851,12.7335,1.0000,11.4629,93.39,
1,Hard030,11.868,12.7711,1.0000,11.4963,93.39,
1,Hard030,11.887,12.8087,1.0000,11.5286,94.32,
1,Hard030,11.901,12.8529,1.0000,11.5657,94.95,
1,Hard030,11.919,12.8861,1.0000,11.5933,95.31,
1,Hard030,11.935,12.9256,1.0000,11.6257,95.68,
1,Hard030,11.955,12.9637,1.0000,11.6566,95.94,
1,Hard030,11.970,13.0119,1.0000,11.6948,96.56,
1,Hard030,11.986,13.0423,1.0000,11.7184,97.24,
1,Hard030,12.002,13.0845,1.0000,11.7501,98.02,
1,Hard030,12.018,13.1230,1.0000,11.7792,98.02,
1,Hard030,12.035,13.1615,1.0000,11.8081,98.02,
1,Hard030,12.062,13.2017,1.0000,11.8382,98.23,
1,Hard030,12.073,13.2822,1.0000,11.8260,98.65,
1,Hard030,12.089,13.3021,1.0000,11.7989,98.70,
1,Hard030,12.117,13.2947,1.0000,11.7508,98.75,
1,Hard030,12.124,13.2947,1.0000,11.7508,98.85,
1,Hard030,12.137,13.2947,1.0000,11.7508,98.85,
1,Hard030,12.155,13.3294,1.0000,11.7454,98.96,
1,Hard030,12.167,13.3730,1.0000,11.7772,98.96,
1,Hard030,12.183,13.4044,1.0000,11.8000,98.96,
1,Hard030,12.200,13.4437,1.0000,11.8286,98.96,
1,Hard030,12.216,13.4840,1.0000,11.8579,98.96,
1,Hard030,12.236,13.5240,1.0000,11.8870,98.96,
1,Hard030,12.251,13.5815,1.0000,11.8779,98.96,
1,Hard030,12.267,13.6254,1.0000,11.8710,98.96,
1,Hard030,12.286,13.6729,1.0000,11.8635,98.96,
1,Hard030,12.301,13.7075,1.0000,11.8161,98.96,
1,Hard030,12.317,13.7331,1.0000,11.7809,98.96,
1,Hard030,12.333,13.7254,1.0000,11.7325,98.96,
1,Hard030,12.352,13.7178,1.0000,11.6838,98.96,
1,Hard030,12.367,13.7178,1.0000,11.6838,98.96,
1,Hard030,12.383,13.7178,1.0000,11.6838,98.96,
1,Hard030,12.401,13.7178,1.0000,11.6838,98.96,
1,Hard030,12.417,13.7178,1.0000,11.6838,98.96,
1,Hard030,12.433,13.7178,1.0000,11.6838,98.96,
1,Hard030,12.450,13.7178,1.0000,11.6838,98.96,
1,Hard030,12.467,13.7178,1.0000,11.6838,98.96,
1,Hard030,12.485,13.7178,1.0000,11.6838,98.96,
1,Hard030,12.503,13.7178,1.0000,11.6838,99.32,
1,Hard030,12.519,13.7178,1.0000,11.6838,100.73,
1,Hard030,12.535,13.7178,1.0000,11.6838,101.51,
1,Hard030,12.552,13.7178,1.0000,11.6838,102.19,
1,Hard030,12.568,13.7178,1.0000,11.6838,102.81,
1,Hard030,12.584,13.7178,1.0000,11.6838,102.97,
1,Hard030,12.602,13.7178,1.0000,11.6838,102.97,
1,Hard030,12.618,13.7178,1.0000,11.6838,103.02,
1,Hard030,12.633,13.7178,1.0000,11.6838,103.02,
1,Hard030,12.650,13.7178,1.0000,11.6838,103.02,
1,Hard030,12.667,13.7178,1.0000,11.6838,103.02,
1,Hard030,12.684,13.7178,1.0000,11.6838,103.02,
1,Hard030,12.701,13.7178,1.0000,11.6838,103.02,
1,Hard030,12.718,13.7178,1.0000,11.6838,103.02,
1,Hard030,12.733,13.7178,1.0000,11.6838,103.02,
1,Hard030,12.751,13.7178,1.0000,11.6838,103.02,
1,Hard030,12.770,13.7178,1.0000,11.6838,102.97,
1,Hard030,12.784,13.7178,1.0000,11.6838,102.92,
1,Hard030,12.800,13.7178,1.0000,11.6838,102.92,
1,Hard030,12.818,13.7178,1.0000,11.6838,102.92,
1,Hard030,12.834,13.7178,1.0000,11.6838,102.86,
1,Hard030,12.851,13.7178,1.0000,11.6838,102.86,
1,Hard030,12.867,13.7178,1.0000,11.6838,102.86,
1,Hard030,12.887,13.7178,1.0000,11.6838,102.86,
1,Hard030,12.901,13.7178,1.0000,11.6838,102.86,
1,Hard030,12.917,13.7178,1.0000,11.6838,102.86,
1,Hard030,12.934,13.7178,1.0000,11.6838,102.86,
1,Hard030,12.951,13.7178,1.0000,11.6838,102.86,
1,Hard030,12.966,13.7178,1.0000,11.6838,102.86,
1,Hard030,12.989,13.7178,1.0000,11.6838,102.86,
1,Hard030,13.001,13.7178,1.0000,11.6838,102.86,
1,Hard030,13.017,13.7178,1.0000,11.6838,102.86,
1,Hard030,13.033,13.7178,1.0000,11.6838,102.86,
1,Hard030,13.050,13.7178,1.0000,11.6838,102.86,
1,Hard030,13.067,13.7178,1.0000,11.6838,102.86,
1,Hard030,13.083,13.7178,1.0000,11.6838,102.86,
1,Hard030,13.100,13.7178,1.0000,11.6838,102.86,
1,Hard030,13.117,13.7178,1.0000,11.6838,102.86,
1,Hard030,13.133,13.7178,1.0000,11.6838,102.86,
1,Hard030,13.150,13.7178,1.0000,11.6838,102.86,
1,Hard030,13.167,13.7178,1.0000,11.6838,102.86,
1,Hard030,13.185,13.7178,1.0000,11.6838,102.86,
1,Hard030,13.200,13.7178,1.0000,11.6838,102.86,
1,Hard030,13.217,13.7178,1.0000,11.6838,102.86,
1,Hard030,13.233,13.7178,1.0000,11.6838,102.86,
1,Hard030,13.250,13.7178,1.0000,11.6838,102.86,
1,Hard030,13.267,13.7178,1.0000,11.6838,102.86,
1,Hard030,13.283,13.7178,1.0000,11.6838,102.86,
1,Hard030,13.300,13.7178,1.0000,11.6838,102.86,
1,Hard030,13.317,13.7178,1.0000,11.6838,102.86,
1,Hard030,13.333,13.7178,1.0000,11.6838,102.86,
1,Hard030,13.350,13.7178,1.0000,11.6838,102.86,
1,Hard030,13.367,13.7178,1.0000,11.6838,102.86,
1,Hard030,13.384,13.7178,1.0000,11.6838,102.86,
1,Hard030,13.400,13.7178,1.0000,11.6838,102.86,
1,Hard030,13.417,13.7178,1.0000,11.6838,102.86,
1,Hard030,13.433,13.7178,1.0000,11.6838,102.86,
1,Hard030,13.450,13.7178,1.0000,11.6838,102.86,
1,Hard030,13.467,13.7178,1.0000,11.6838,102.86,
1,Hard030,13.483,13.7178,1.0000,11.6838,102.86,
1,Hard030,13.500,13.7178,1.0000,11.6838,102.86,
1,Hard030,13.517,13.7178,1.0000,11.6838,102.86,
1,Hard030,13.533,13.7178,1.0000,11.6838,102.86,
1,Hard030,13.550,13.7178,1.0000,11.6838,102.86,
1,Hard030,13.567,13.7178,1.0000,11.6838,102.86,
1,Hard030,13.583,13.7178,1.0000,11.6838,102.86,
1,Hard030,13.600,13.7178,1.0000,11.6838,102.86,
1,Hard030,13.617,13.7178,1.0000,11.6838,102.86,
1,Hard030,13.634,13.7178,1.0000,11.6838,102.86,
1,Hard030,13.652,13.7178,1.0000,11.6838,102.86,
1,Hard030,13.666,13.7178,1.0000,11.6838,102.86,
1,Hard030,13.683,13.7178,1.0000,11.6838,102.86,
1,Hard030,13.700,13.7178,1.0000,11.6838,102.86,
1,Hard030,13.716,13.7178,1.0000,11.6838,102.86,
1,Hard030,13.733,13.7178,1.0000,11.6838,102.86,
1,Hard030,13.750,13.7178,1.0000,11.6838,102.86,
1,Hard030,13.766,13.7178,1.0000,11.6838,102.86,
1,Hard030,13.787,13.7178,1.0000,11.6838,102.86,
